<wms>
	<id>epos_wms</id>
	<workspace>
		<id>WorkspaceInfoImpl--78d6336e:1682d49ccab:-7fff</id>
	</workspace>
	<enabled>true</enabled>
	<name>WMS</name>
	<title>GeoServer Web Map Service</title>
	<maintainer>http://geoserver.org/comm</maintainer>
	<abstrct>A compliant implementation of WMS plus most of the SLD extension (dynamic styling). Can also generate PDF, SVG, KML, GeoRSS</abstrct>
	<accessConstraints>NONE</accessConstraints>
	<fees>NONE</fees>
	<versions>
		<org.geotools.util.Version>
			<version>1.1.1</version>
		</org.geotools.util.Version>
		<org.geotools.util.Version>
			<version>1.3.0</version>
		</org.geotools.util.Version>
	</versions>
	<keywords>
		<string>WFS</string>
		<string>WMS</string>
		<string>GEOSERVER</string>
	</keywords>
	<metadataLink/>
	<citeCompliant>false</citeCompliant>
	<onlineResource>http://geoserver.sourceforge.net/html/index.php</onlineResource>
	<schemaBaseURL>http://schemas.opengis.net</schemaBaseURL>
	<verbose>false</verbose>
	<metadata>
		<entry key="svgRenderer">Batik</entry>
		<entry key="svgAntiAlias">true</entry>
	</metadata>
	<bboxForEachCRS>false</bboxForEachCRS>
	<watermark>
		<enabled>false</enabled>
		<position>BOT_RIGHT</position>
		<transparency>0</transparency>
	</watermark>
	<interpolation>Nearest</interpolation>
	<getFeatureInfoMimeTypeCheckingEnabled>false</getFeatureInfoMimeTypeCheckingEnabled>
	<getMapMimeTypeCheckingEnabled>false</getMapMimeTypeCheckingEnabled>
	<maxBuffer>25</maxBuffer>
	<maxRequestMemory>65536</maxRequestMemory>
	<maxRenderingTime>60</maxRenderingTime>
	<maxRenderingErrors>1000</maxRenderingErrors>
</wms>
