<?xml version="1.0" encoding="UTF-8"?>
<!--
GeoServer configuration brought to you courtesy of DataCove.EU
www.datacove.eu 
-->
<as:AppSchemaDataAccess xmlns:as="http://www.geotools.org/app-schema"
		xmlns:xsi="http://www.w3.org/2001/XMLSchema-instance"
		xsi:schemaLocation="http://www.geotools.org/app-schema AppSchemaDataAccess.xsd">
	<namespaces>
		<Namespace>
			<prefix>om</prefix>
			<uri>http://www.opengis.net/om/2.0</uri>
		</Namespace>
		<Namespace>
			<prefix>gco</prefix>
			<uri>http://www.isotc211.org/2005/gco</uri>
		</Namespace>
		<Namespace>
			<prefix>xlink</prefix>
			<uri>http://www.w3.org/1999/xlink</uri>
		</Namespace>
		<Namespace>
			<prefix>tsml</prefix>
			<uri>http://www.opengis.net/tsml/1.0</uri>
		</Namespace>
		<Namespace>
			<prefix>wml2</prefix>
			<uri>http://www.opengis.net/waterml/2.0</uri>
		</Namespace>
		<Namespace>
			<prefix>sams</prefix>
			<uri>http://www.opengis.net/waterml/2.0</uri>
		</Namespace>
		<Namespace>
			<prefix>omso</prefix>
			<uri>http://inspire.ec.europa.eu/schemas/omso/3.0</uri>
		</Namespace>
		<Namespace>
			<prefix>gmd</prefix>
			<uri>http://www.isotc211.org/2005/gmd</uri>
		</Namespace>

		<Namespace>
			<prefix>xsi</prefix>
			<uri>http://www.w3.org/2001/XMLSchema-instance</uri>
		</Namespace>
		<Namespace>
			<prefix>swe</prefix>
			<uri>http://www.opengis.net/swe/2.0</uri>
		</Namespace>
		<Namespace>
			<prefix>gml</prefix>
			<uri>http://www.opengis.net/gml/3.2</uri>
		</Namespace>
	</namespaces>
	<includedTypes>
<!--		    <Include>../../swe/Swe/MappingSWE.xml</Include>

-->
	</includedTypes>
	<sourceDataStores>
	    <DataStore>
		    <id>idDataStoreInsp</id>
			<parameters>
				<Parameter>
					<name>dbtype</name>
					<value>postgisng</value>
				</Parameter>
				<Parameter>
					<name>host</name>
					<!--<value>5.189.139.50</value>-->
					<value>${inspire.host}</value>
				</Parameter>
				<Parameter>
					<name>port</name>
					<value>5432</value>
				</Parameter>
				<Parameter>
					<name>database</name>
					<value>${inspire.database}</value>
				</Parameter>
				<Parameter>
					<name>user</name>
					<value>${inspire.user}</value>
				</Parameter>
				<Parameter>
					<name>schema</name>
					<value>public</value>
				</Parameter>
				<Parameter>
					<name>passwd</name>
					<value>${inspire.passwd}</value>
				</Parameter>
				<Parameter>
				    <name>Expose primary keys</name>
					<value>true</value>
				</Parameter>
			</parameters>
		</DataStore>
	</sourceDataStores>
	<!--    <catalog>...</catalog>-->
	<targetTypes>
		<FeatureType>
			<schemaUri>http://schemas.opengis.net/om/2.0/observation.xsd</schemaUri>
		</FeatureType>
	</targetTypes>
	<typeMappings>
	
		

		<FeatureTypeMapping>
			<sourceDataStore>idDataStoreInsp</sourceDataStore>	
			<sourceType>om_obs</sourceType> 
			<targetElement>om:OM_Observation</targetElement>	
			<attributeMappings>
	
				<AttributeMapping>
					<targetAttribute>om:OM_Observation</targetAttribute>
					<idExpression>
						<OCQL>gmlid</OCQL>
					</idExpression>
				</AttributeMapping>
				
				<AttributeMapping>
					<targetAttribute>om:type</targetAttribute>
					<ClientProperty>
						<name>xlink:href</name>
						<value>type</value>
					</ClientProperty>					
				</AttributeMapping>
				<AttributeMapping>
					<targetAttribute>om:metadata</targetAttribute>
					<sourceExpression>
						<OCQL>'http://meteo.shmu.sk/customer/home/opendata/'</OCQL>
					</sourceExpression>
				</AttributeMapping>

				<AttributeMapping>
					<targetAttribute>om:phenomenonTime/gml:TimePeriod</targetAttribute>
					<ClientProperty>
						<name>gml:id</name>
						<value>ptid</value>
					</ClientProperty>
				</AttributeMapping>						

				<AttributeMapping>
					<targetAttribute>om:phenomenonTime/gml:TimePeriod/gml:beginPosition</targetAttribute>
					<sourceExpression>
						<OCQL>ptstart</OCQL>
					</sourceExpression>
				</AttributeMapping>				
				<AttributeMapping>
					<targetAttribute>om:phenomenonTime/gml:TimePeriod/gml:endPosition</targetAttribute>
					<sourceExpression>
						<OCQL>ptend</OCQL>
					</sourceExpression>
				</AttributeMapping>			

				<AttributeMapping>
					<targetAttribute>om:resultTime/gml:TimeInstant</targetAttribute>
					<ClientProperty>
						<name>gml:id</name>
						<value>rtid</value>
					</ClientProperty>
				</AttributeMapping>					

				<AttributeMapping>
					<targetAttribute>om:resultTime/gml:TimeInstant/gml:timePosition</targetAttribute>
					<sourceExpression>
						<OCQL>rttime</OCQL>
					</sourceExpression>
				</AttributeMapping>					

				<AttributeMapping>
					<targetAttribute>om:procedure</targetAttribute>
					<ClientProperty>
						<name>xlink:href</name>
						<value>proc</value>
					</ClientProperty>
				</AttributeMapping>					
				<AttributeMapping>
					<targetAttribute>om:observedProperty</targetAttribute>
					<ClientProperty>
						<name>xlink:href</name>
						<value>prop</value>
					</ClientProperty>
				</AttributeMapping>			
				<AttributeMapping>
					<targetAttribute>om:featureOfInterest</targetAttribute>
					<ClientProperty>
						<name>xlink:href</name>
						<value>foi</value>
					</ClientProperty>
				</AttributeMapping>
<!--
				<AttributeMapping>
					<targetAttribute>om:result</targetAttribute>
					<sourceExpression>
						<OCQL>gmlid</OCQL>
						<linkElement>swe:DataArray</linkElement>
						<linkField>FEATURE_LINK</linkField>
					</sourceExpression>
				</AttributeMapping>
		-->		

				
			</attributeMappings>
		</FeatureTypeMapping>


	</typeMappings>

</as:AppSchemaDataAccess>