{
  "@context": {
    "gsp": "http://www.opengis.net/ont/geosparql#",
    "sf": "http://www.opengis.net/ont/sf#",
    "sam": "http://def.seegrid.csiro.au/ontology/om/sam-lite#",
    "om": "http://def.seegrid.csiro.au/ontology/om/om-lite#",
    "eposb": "https://data.geoscience.earth/def/eposb#",
    "ci": "http://def.seegrid.csiro.au/isotc211/iso19115/2003/citation#",
    "md": "http://def.seegrid.csiro.au/isotc211/iso19115/2003/metadata#",
    "mdex": "http://def.seegrid.csiro.au/isotc211/iso19115/2003/extent#",
    "time": "http://www.w3.org/2006/time#",
    "gwmlwc": "http://www.opengis.net/gwml-wellconstruction/2.2#",
    "schema": "https://schema.org/",
    "dc": "http://purl.org/dc/terms/",
    "Feature": "gsp:Feature",
    "FeatureCollection": "schema:Collection",
    "Point": "sf:Point",
    "wkt": "gsp:asWKT",
    "features": {
      "@container": "@set",
      "@id": "schema:hasPart"
    },
    "geometry": "sf:geometry",
    "description": "dc:description",
    "title": "dc:title",
    "name": "schema:name"
  },
  "type": "FeatureCollection",
  "features": [
    {
      "$source": "eposb:Borehole"
    },
    {
      "@id": "${@id}",
      "@type": [
        "Feature",
        "eposb:Borehole",
        "http://vocabulary.odm2.org/samplingfeaturetype/borehole"
      ],
      "name": "${gml:name}",
      "geometry": {
        "@type": "Point",
        "wkt": "$${strConcat('<http://www.opengis.net/def/crs/OGC/1.3/CRS84>',toWKT(xpath('eposb:bholeHeadworks/gwml-wellconstruction:BoreCollar/gwml-wellconstruction:collarLocation')))}"
      },
      "sam:sampledFeature": {
        "@id": "https://sweet.jpl.nasa.gov/2.3/realmEarthReference.owl#EarthLithosphere",
        "name": "Lithosphere"
      },
      "eposb:legalAccessLevel": {
        "@type": "md:LegalConstraints",
        "md:accessConstraints": {
          "@type": "md:RestrictionCode",
          "@id": "http://purl.org/eprint/accessRights/openAccess"
        },
        "md:Constraints": {
          "@type": "md:RestrictionCode",
          "@id": "http://purl.org/eprint/accessRights/openAccess"
        }
      },
      "eposb:length": {
        "@type": "om:SimpleMeasure",
        "om:amount": "${eposb:length}",
        "om:uom": "http://qudt.org/vocab/unit/M"
      },
      "eposb:operation": {
        "@type": "eposb:Operation",
        "eposb:operator": {
          "@type": "ci:ResponsibleParty",
          "ci:organisationName": "BRGM",
          "ci:role": {
            "@type": "ci:RoleCode",
            "@id": "http://def.seegrid.csiro.au/isotc211/iso19115/2003/code/Role/owner"
          }
        }
      },
      "eposb:referenceElevation": {
        "$source": "eposb:referenceElevation", 
        "@type": "eposb:Elevation",
        "eposb:elevation": "${eposb:Elevation/eposb:elevation}",
        "mdex:verticalCRS": "http://www.opengis.net/def/crs/EPSG/0/5720",
        "om:uom": "http://qudt.org/vocab/unit/M",
        "eposb:elevationMeasurementMethod": {
          "@id": "${eposb:Elevation/eposb:elevationMeasurementMethod/@xlink:href}",
          "name": "DGPS as Dummy"
        },
        "eposb:elevationType": {
          "@id": "https://data.geoscience.earth/ncl/ElevationType/groundSurface",
          "name": "Ground surface"
        }
      },
      "eposb:startPoint": {
        "@id": "https://data.geoscience.earth/ncl/StartPoint/naturalLandSurface",
        "name": "natural land surface"
      },
      "eposb:status": {
        "@id": "${eposb:status/@xlink:href}",
        "name": "Opérationnel"
      },
      "eposb:boreCollarPositionalAccuracy": {
        "om:uom": "http://qudt.org/vocab/unit/CM"
      },
      "eposb:locationMeasurementMethod": {
        "@id": "${eposb:locationMeasurementMethod/@xlink:href}",
        "name": "DGPS as Dummy"
      },
      "eposb:accessibleDepth": {
        "@type": "eposb:AccessibleDepth",
        "eposb:depthObservationTime": {
          "@type": "time:Instant",
          "time:inXSDDateTime": "${eposb:accessibleDepth/eposb:AccessibleDepth/eposb:depthObservationTime/gml:TimeInstant/gml:timePosition}"
        }
      },
      "eposb:lifeCycleInfo": {
        "$source": "eposb:lifeCycleInfo/eposb:LifeCycleInfo",
        "@type": "LifeCycleInfo",
        "eposb:updateDate": {
          "@type": "time:Instant",
          "time:inXSDDateTime": "${eposb:updateDate/gml:TimeInstant/gml:timePosition}"
        },
        "status": {
          "@id": "${eposb:status/@xlink:href}",
          "name": "Validé"
        },
        "eposb:creationDate": {
          "@type": "time:Instant",
          "time:inXSDDateTime": "${eposb:creationDate/gml:TimeInstant/gml:timePosition}"
        }
      },
      "eposb:locatedOnAdminUnit": {
        "@id": "${eposb:locatedOnAdminUnit/@xlink:href}",
        "name": "SANGATTE"
      },
      "bholeHeadworks": [
        {
          "$source": "eposb:bholeHeadworks/gwml-wellconstruction:BoreCollar"
        },
        {
          "@type": [
            "gwmlwc:BoreCollar",
            "Feature"
          ],
          "gwmlwc:collarElevation": {
            "om:amount": "${gwml-wellconstruction:collarElevation}",
            "mdex:verticalCRS": "http://www.opengis.net/def/crs/EPSG/0/5720",
            "om:uom": "http://qudt.org/vocab/unit/M"
          },
          "gsp:hasGeometry": {
            "@type": "Point",
            "wkt": "$${strConcat('<http://www.opengis.net/def/crs/OGC/1.3/CRS84>',toWKT(xpath('gwml-wellconstruction:collarLocation')))}"
          }
        }
      ]
    }
  ]
}
