<as:AppSchemaDataAccess xmlns:as="http://www.geotools.org/app-schema" xmlns:xsi="http://www.w3.org/2001/XMLSchema-instance" xsi:schemaLocation="http://www.geotools.org/app-schema AppSchemaDataAccess.xsd" xmlns:ldg="https://data.geoscience.fr/def/LinkedDataGazetteer">
<namespaces>
        <Namespace>
                <prefix>gml</prefix>
                <uri>http://www.opengis.net/gml/3.2</uri>
        </Namespace>
        <Namespace>
                <prefix>ldg</prefix>
                <uri>https://data.geoscience.fr/def/LinkedDataGazetteer</uri>
        </Namespace>
        <Namespace>
                <prefix>xlink</prefix>
                <uri>http://www.w3.org/1999/xlink</uri>
        </Namespace>
        <Namespace>
                <prefix>xsi</prefix>
                <uri>http://www.w3.org/2001/XMLSchema-instance</uri>
        </Namespace>
</namespaces>
<sourceDataStores>
        <DataStore>
                <id>datastore</id>
                <parameters>
                        <Parameter>
                                <name>dbtype</name>
                                <value>postgis</value>
                        </Parameter>
                        <Parameter>
                                <name>host</name>
                                <value>localhost</value>
                        </Parameter>
                        <Parameter>
                                <name>port</name>
                                <value>5432</value>
                        </Parameter>
                        <Parameter>
                                <name>database</name>
                                <value>gazetturi</value>
                        </Parameter>
                        <Parameter>
                                <name>user</name>
                                <value>postgres</value>
                        </Parameter>
                        <Parameter>
                                <name>passwd</name>
                                <value>postgres</value>
                        </Parameter>
                        <Parameter>
                                <name>schema</name>
                                <value>linkeddatagazetteer</value>
                        </Parameter>
                        <Parameter>
                                <name>Expose primary keys</name>
                                <value>true</value>
                        </Parameter>
			</parameters>
		 </DataStore>
</sourceDataStores>
<targetTypes>
        <FeatureType>
                <schemaUri>LinkedDataGazetter.xsd</schemaUri>
        </FeatureType>
</targetTypes>
<typeMappings>
        <FeatureTypeMapping>
                <mappingName>ldg:SciObj</mappingName>
                <sourceDataStore>datastore</sourceDataStore>
                <sourceType>sciobj</sourceType>
                <targetElement>ldg:SciObj</targetElement>
                <attributeMappings>
                        <AttributeMapping>
                                <targetAttribute>ldg:SciObj</targetAttribute>
                                <idExpression>
                                        <OCQL>Concatenate('SciObj.', sciobj_id)</OCQL>
                                </idExpression>
                        </AttributeMapping>
                        <AttributeMapping>
                                <targetAttribute>gml:name</targetAttribute>
                                <sourceExpression>
                                        <OCQL>name</OCQL>
                                </sourceExpression>
                        </AttributeMapping>
                        <AttributeMapping>
                                <targetAttribute>gml:description</targetAttribute>
                                <sourceExpression>
                                        <OCQL>description</OCQL>
                                </sourceExpression>
                        </AttributeMapping>
                        <AttributeMapping>
                                <targetAttribute>ldg:spatialCoverage</targetAttribute>
                                <ClientProperty>
                                        <name>codeSpace</name>
                                        <value>'http://www.ietf.org/rfc/rfc2616'</value>
                                </ClientProperty>
                                <sourceExpression>
                                        <OCQL>spatialcoverage</OCQL>
                                </sourceExpression>
                        </AttributeMapping>
                        <AttributeMapping>
                                <targetAttribute>ldg:child</targetAttribute>
                                <sourceExpression>
                                        <OCQL>sciobj_id</OCQL>
                                        <linkElement>'SciObjRelationType'</linkElement>
                                        <linkField>FEATURE_LINK[1]</linkField>
                                </sourceExpression>
                                <isMultiple>true</isMultiple>
                        </AttributeMapping>
                        <AttributeMapping>
                                <targetAttribute>ldg:subjectOf</targetAttribute>
                                <sourceExpression>
                                    <OCQL>sciobj_id</OCQL>
                                    <linkElement>'ldg:DataResource'</linkElement>
                                    <linkField>FEATURE_LINK[3]</linkField>
                                </sourceExpression>
                                <isMultiple>true</isMultiple>
                        </AttributeMapping>
                </attributeMappings>
        </FeatureTypeMapping>
        <FeatureTypeMapping>
                <mappingName>ldg:DataResource</mappingName>
                <sourceDataStore>datastore</sourceDataStore>
                <sourceType>dataresource</sourceType>
                <targetElement>ldg:DataResource</targetElement>
                <attributeMappings>
                        <AttributeMapping>
                                <targetAttribute>ldg:primaryTopic</targetAttribute>
                                <sourceExpression>
                                        <OCQL>primarytopic</OCQL>
                                </sourceExpression>
                        </AttributeMapping>
                        <AttributeMapping>
                                <targetAttribute>ldg:provider</targetAttribute>
                                <sourceExpression>
                                        <OCQL>provider</OCQL>
                                </sourceExpression>
                        </AttributeMapping>
                        <AttributeMapping>
                                <targetAttribute>ldg:conformsTo</targetAttribute>
                                <sourceExpression>
                                        <OCQL>conformsto</OCQL>
                                </sourceExpression>
                        </AttributeMapping>
                        <AttributeMapping>
                                <targetAttribute>FEATURE_LINK[3]</targetAttribute>
                                <sourceExpression>
                                        <OCQL>sciobj_id</OCQL>
                                </sourceExpression>
                        </AttributeMapping>
                        <AttributeMapping>
                                <targetAttribute>ldg:format</targetAttribute>
                                <sourceExpression>
                                    <OCQL>dataresource_id</OCQL>
                                    <linkElement>'ldg:Format'</linkElement>
                                    <linkField>FEATURE_LINK[4]</linkField>
                                </sourceExpression>
                                <isMultiple>true</isMultiple>
                        </AttributeMapping>
                </attributeMappings>
        </FeatureTypeMapping>
        <FeatureTypeMapping>
                <mappingName>ldg:Format</mappingName>
                <sourceDataStore>datastore</sourceDataStore>
                <sourceType>dataresourceformaturi</sourceType>
                <targetElement>ldg:Format</targetElement>
                <attributeMappings>
                        <AttributeMapping>
                                <targetAttribute>ldg:uri</targetAttribute>
                            <sourceExpression>
                                <OCQL>formaturi</OCQL>
                            </sourceExpression>
                        </AttributeMapping>
                        <AttributeMapping>
                                <targetAttribute>FEATURE_LINK[4]</targetAttribute>
                                <sourceExpression>
                                        <OCQL>dataresource_id</OCQL>
                                </sourceExpression>
                                <isMultiple>true</isMultiple>
                        </AttributeMapping>
                </attributeMappings>
        </FeatureTypeMapping>
        <FeatureTypeMapping>
                <mappingName>SciObjRelationType</mappingName>
                <sourceDataStore>datastore</sourceDataStore>
                <sourceType>sciobjrelation</sourceType>
                <targetElement>ldg:SciObjRelation</targetElement>
                <attributeMappings>
                        <AttributeMapping>
                                <targetAttribute>ldg:SciObjRelation</targetAttribute>
                                <idExpression>
                                        <OCQL>Concatenate('SciObjRelation.', sciobjrelation_id)</OCQL>
                                </idExpression>
                        </AttributeMapping>
                        <AttributeMapping>
                                <targetAttribute>ldg:relationType</targetAttribute>
                                <encodeIfEmpty>true</encodeIfEmpty>
                                <ClientProperty>
                                    <name>xlink:title</name>
                                    <value>relationtype</value>
                                </ClientProperty>
                        </AttributeMapping>
                        <AttributeMapping>
                                <targetAttribute>FEATURE_LINK[1]</targetAttribute>
                                <sourceExpression>
                                        <OCQL>parent_id</OCQL>
                                </sourceExpression>
                        </AttributeMapping>
                        <AttributeMapping>
                                <targetAttribute>ldg:child</targetAttribute>
                                <sourceExpression>
                                        <OCQL>child_id</OCQL>
                                        <linkElement>'ldg:SciObjChild'</linkElement>
                                        <linkField>FEATURE_LINK[2]</linkField>
                                </sourceExpression>
                                <isMultiple>true</isMultiple>
                        </AttributeMapping>
                </attributeMappings>
        </FeatureTypeMapping>
        <FeatureTypeMapping>
                <mappingName>ldg:SciObjChild</mappingName>
			 <sourceDataStore>datastore</sourceDataStore>
                <sourceType>sciobj</sourceType>
                <targetElement>ldg:SciObj</targetElement>
                <attributeMappings>
                        <AttributeMapping>
                                <targetAttribute>ldg:SciObj</targetAttribute>
                                <idExpression>
                                        <OCQL>Concatenate('SciObj.', sciobj_id)</OCQL>
                                </idExpression>
                        </AttributeMapping>
                        <AttributeMapping>
                                <targetAttribute>gml:name</targetAttribute>
                                <sourceExpression>
                                        <OCQL>name</OCQL>
                                </sourceExpression>
                        </AttributeMapping>
                        <AttributeMapping>
                                <targetAttribute>gml:description</targetAttribute>
                                <sourceExpression>
                                        <OCQL>description</OCQL>
                                </sourceExpression>
                        </AttributeMapping>
                        <AttributeMapping>
                                <targetAttribute>FEATURE_LINK[2]</targetAttribute>
                                <sourceExpression>
                                        <OCQL>sciobj_id</OCQL>
                                </sourceExpression>
                        </AttributeMapping>
                </attributeMappings>
        </FeatureTypeMapping>
</typeMappings>
</as:AppSchemaDataAccess>