{
   "@context":
      "https://opengeospatial.github.io/ELFIE/contexts/elfie-2/elf-index.jsonld",
   "type":"FeatureCollection",
   "features":[
      {
         "$source":"$${strConcat('ldg:', env('rootSource','SciObj'))}"
      },
      {
         "@id":"${@id}",
         "@type":[
            "Feature",
            "gw:GW_Aquifer"
         ],
         "name":{
            "@language":"$${env('language','fr')}",
            "@value":"${gml:name}"
         },
         "description":"${gml:description}",
         "image":"http://external.opengis.org/twiki_public/pub/HydrologyDWG/05-08May2014--GW2IEMeeting18/GW2IE_Vienna2014_Photo2.JPG",
         "label":{
            "@language":"fr",
            "@value":"${gml:name}"
         },
         "isPartOf":[
            {
               "$source":"ldg:child/ldg:SciObjRelation",
               "$filter":"xpath('ldg:relationType/@xlink:title') = 'dct:isPartOf'"
            },
            {
               "@id":"${ldg:child/ldg:SciObj/@id}",
               "@type":"gw:GW_HydrogeoUnit",
               "name":"${ldg:child/ldg:SciObj/gml:name}"
            }
         ],
         "subjectOf":[
            {
               "$source":"ldg:subjectOf/ldg:DataResource"
            },
            {
               "@id":"${ldg:URI}",
               "@type":"foaf:Document",
               "primaryTopic":"${ldg:primaryTopic}",
               "conformsTo":"$${xpath(env('conformsTo','ldg:conformsTo'))}",
               "provider":"${ldg:provider}",
               "format":[
                  {"$source":"ldg:format/ldg:Format"},
                  "${ldg:uri}"
               ]
            }
         ],
         "spatialCoverage":{
            "@type":"Place",
            "geo":{
               "@type":"GeoShape",
               "polygon":"$${toWKT(xpath('ldg:spatialCoverage'))}"
            }
         }
      }
   ]
}