<?xml version="1.0" encoding="UTF-8"?>
<as:AppSchemaDataAccess xmlns:as="http://www.geotools.org/app-schema"
    xmlns:xsi="http://www.w3.org/2001/XMLSchema-instance"
    xsi:schemaLocation="http://www.geotools.org/app-schema AppSchemaDataAccess.xsd">
	<namespaces>

		<Namespace>
			<prefix>gml</prefix>
			<uri>http://www.opengis.net/gml/3.2</uri>
		</Namespace>
		<Namespace>
			<prefix>gsmlp</prefix>
			<uri>https://forge.brgm.fr/svnrepository/epos/trunk/schemas</uri>
		</Namespace>
		<Namespace>
			<prefix>swe</prefix>
			<uri>http://www.opengis.net/swe/2.0</uri>
		</Namespace>
		<Namespace>
			<prefix>xlink</prefix>
			<uri>http://www.w3.org/1999/xlink</uri>
		</Namespace>
		<Namespace>
			<prefix>xsi</prefix>
			<uri>http://www.w3.org/2001/XMLSchema-instance</uri>
		</Namespace>
	</namespaces>	
	<sourceDataStores>
		<DataStore>
			<id>datastore</id>
			<parameters>
				<Parameter>
					<name>dbtype</name>
					<value>${db.type}</value>
				</Parameter>
				<Parameter>
					<name>host</name>
					<value>${db.port}</value>
				</Parameter>
				<Parameter>
					<name>port</name>
					<value>${db.port}</value>
				</Parameter>
				<Parameter>
					<name>database</name>
					<value>${db.name}</value>
				</Parameter>
				<Parameter>
					<name>user</name>
					<value>${db.user}</value>
				</Parameter>
				<Parameter>
					<name>passwd</name>
					<value>${db.passwd}</value>
				</Parameter>
				<Parameter>
					<name>schema</name>
					<value>$db.schema}</value>
				</Parameter>
				<Parameter>
					<name>Expose primary keys</name>
					<value>true</value>
				</Parameter>
			</parameters>
		</DataStore>
	</sourceDataStores>
	<!--<catalog>../../../schemas/catalog.xml</catalog>-->
	<targetTypes>
		<FeatureType>
			<schemaUri>https://forge.brgm.fr/svnrepository/epos/trunk/schemas/epos-lite.xsd</schemaUri>
		</FeatureType>
	</targetTypes>
	<typeMappings>
		<FeatureTypeMapping>
			<sourceDataStore>datastore</sourceDataStore>
			<sourceType>borehole_eu_06</sourceType>
			<targetElement>gsmlp:BoreholeView</targetElement>			
			<attributeMappings>
				<AttributeMapping>
					<targetAttribute>gsmlp:BoreholeView</targetAttribute>
					<idExpression>
						<OCQL>boreholeid</OCQL>
					</idExpression>
				</AttributeMapping>
				<AttributeMapping>
					<targetAttribute>gml:identifier</targetAttribute>
					<ClientProperty>
						<name>codeSpace</name>
						<value>'http://www.ietf.org/rfc/rfc2616'</value>
					</ClientProperty>
					<sourceExpression>
						<OCQL>gmlidentifier</OCQL>
					</sourceExpression>	
				</AttributeMapping>
				<AttributeMapping>
					<targetAttribute>gml:name</targetAttribute>
					<sourceExpression>
						<OCQL>name</OCQL>
					</sourceExpression>					
				</AttributeMapping>
				<AttributeMapping>
					<targetAttribute>gml:description</targetAttribute>
					<sourceExpression>
						<OCQL>description</OCQL>
					</sourceExpression>					
				</AttributeMapping>
				<AttributeMapping>
					<targetAttribute>gsmlp:identifier</targetAttribute>
					<ClientProperty>
						<name>codeSpace</name>
						<value>'http://www.ietf.org/rfc/rfc2616'</value>
					</ClientProperty>
					<sourceExpression>
						<OCQL>gsmlpidentifier</OCQL>
					</sourceExpression>	
				</AttributeMapping>
				<AttributeMapping>
					<targetAttribute>gsmlp:purpose</targetAttribute>
					<ClientProperty>
						<name>xlink:href</name>
						<value>purpose_href</value>
					</ClientProperty>
					<ClientProperty>
						<name>xlink:title</name>
						<value>purpose</value>
					</ClientProperty>										
				</AttributeMapping>

				<AttributeMapping>
					<targetAttribute>gsmlp:boreholeUse</targetAttribute>
					<ClientProperty>
						<name>xlink:href</name>
						<value>boreholeuse_href</value>
					</ClientProperty>
					<ClientProperty>
						<name>xlink:title</name>
						<value>boreholeuse</value>
					</ClientProperty>										
				</AttributeMapping>

				<AttributeMapping>
					<targetAttribute>gsmlp:status</targetAttribute>
					<ClientProperty>
						<name>xlink:href</name>
						<value>status_href</value>
					</ClientProperty>
					<ClientProperty>
						<name>xlink:title</name>
						<value>status</value>
					</ClientProperty>						
				</AttributeMapping>			
				<AttributeMapping>
					<targetAttribute>gsmlp:drillingMethod</targetAttribute>
					<ClientProperty>
						<name>xlink:href</name>
						<value>drillingmethod_href</value>
					</ClientProperty>
					<ClientProperty>
						<name>xlink:title</name>
						<value>drillingmethod</value>
					</ClientProperty>						
				</AttributeMapping>
				<AttributeMapping>
					<targetAttribute>gsmlp:operator</targetAttribute>
					<sourceExpression>
						<OCQL>operator</OCQL>
					</sourceExpression>					
				</AttributeMapping>
				<AttributeMapping>
					<targetAttribute>gsmlp:driller</targetAttribute>
					<sourceExpression>
						<OCQL>driller</OCQL>
					</sourceExpression>					
				</AttributeMapping>				
				<AttributeMapping>
					<targetAttribute>gsmlp:drillStartDate</targetAttribute>
					<sourceExpression>
						<OCQL>drillstartdate</OCQL>
					</sourceExpression>					
				</AttributeMapping>				
				<AttributeMapping>
					<targetAttribute>gsmlp:drillEndDate</targetAttribute>
					<sourceExpression>
						<OCQL>drillenddate</OCQL>
					</sourceExpression>					
				</AttributeMapping>				
				<AttributeMapping>
					<targetAttribute>gsmlp:startPoint</targetAttribute>
					<ClientProperty>
						<name>xlink:href</name>
						<value>startpoint_href</value>
					</ClientProperty>
					<ClientProperty>
						<name>xlink:title</name>
						<value>startpoint</value>
					</ClientProperty>						
				</AttributeMapping>				
				<AttributeMapping>
					<targetAttribute>gsmlp:inclinationType</targetAttribute>
					<ClientProperty>
						<name>xlink:href</name>
						<value>inclinationtype_href</value>
					</ClientProperty>
					<ClientProperty>
						<name>xlink:title</name>
						<value>inclinationtype</value>
					</ClientProperty>											
				</AttributeMapping>				
				<AttributeMapping>
					<targetAttribute>gsmlp:boreholeMaterialCustodian</targetAttribute>
					<sourceExpression>
						<OCQL>boreholematerialcustodian</OCQL>
					</sourceExpression>					
				</AttributeMapping>		

				<!--
				<AttributeMapping>
					<targetAttribute>gsmlp:boreholeLength_m/swe:uom</targetAttribute>
					<ClientProperty><name>code</name><value>'m'</value></ClientProperty>
			    <ClientProperty><name>xlink:href</name><value>'http://qudt.org/vocab/unit/M'</value></ClientProperty>
					<ClientProperty><name>xlink:title</name><value>'meter'</value></ClientProperty>
				</AttributeMapping>
				<AttributeMapping>
				  <targetAttribute>gsmlp:boreholeLength_m/swe:value</targetAttribute>
					<sourceExpression><OCQL>boreholelength_m</OCQL></sourceExpression>
				</AttributeMapping>
				-->
				
				<AttributeMapping>
					<targetAttribute>gsmlp:boreholeLength_m</targetAttribute>
					<ClientProperty><name>uom</name><value>'http://qudt.org/vocab/unit/M'</value></ClientProperty>
					<sourceExpression><OCQL>boreholelength_m</OCQL></sourceExpression>
					<encodeIfEmpty>true</encodeIfEmpty>
				</AttributeMapping>
				
				<AttributeMapping>
					<targetAttribute>gsmlp:elevation_m</targetAttribute>
					<ClientProperty><name>uom</name><value>'http://qudt.org/vocab/unit/M'</value></ClientProperty>
					<sourceExpression><OCQL>elevation_m</OCQL></sourceExpression>					
				</AttributeMapping>

				<AttributeMapping>
					<targetAttribute>gsmlp:elevation_srs</targetAttribute>
					<sourceExpression>
						<OCQL>elevation_srs</OCQL>
					</sourceExpression>					
				</AttributeMapping>				
				<AttributeMapping>
					<targetAttribute>gsmlp:positionalAccuracy</targetAttribute>
					<sourceExpression>
						<OCQL>positionalaccuracy</OCQL>
					</sourceExpression>					
				</AttributeMapping>				
				<AttributeMapping>
					<targetAttribute>gsmlp:source</targetAttribute>
					<sourceExpression>
						<OCQL>source</OCQL>
					</sourceExpression>					
				</AttributeMapping>				
				<AttributeMapping>
					<targetAttribute>gsmlp:parentBorehole_uri</targetAttribute>
					<sourceExpression>
						<OCQL>parentborehole_uri</OCQL>
					</sourceExpression>					
				</AttributeMapping>

				<AttributeMapping>
					<targetAttribute>gsmlp:metadata_uri</targetAttribute>
					<sourceExpression>
						<OCQL>metadata_uri</OCQL>
					</sourceExpression>					
				</AttributeMapping>



				<AttributeMapping>
					<targetAttribute>gsmlp:genericSymbolizer</targetAttribute>
					<sourceExpression>
						<OCQL>genericsymbolizer</OCQL>
					</sourceExpression>					
				</AttributeMapping>


				<AttributeMapping>
					<targetAttribute>gsmlp:shape</targetAttribute>
					<idExpression>
						<OCQL>strConcat('gsmlp.shape.',boreholeid)</OCQL>
					</idExpression> 
					<sourceExpression>
						<OCQL>location_wgs84</OCQL>
					</sourceExpression>							
				</AttributeMapping>



				<AttributeMapping>
					<targetAttribute>gsmlp:cored</targetAttribute>
					<sourceExpression>
						<OCQL>cored</OCQL>
					</sourceExpression>					
				</AttributeMapping>				
				<AttributeMapping>
					<targetAttribute>gsmlp:accessToPhysicalDrillCore</targetAttribute>
					<sourceExpression>
						<OCQL>accesstophysicaldrillcore</OCQL>
					</sourceExpression>					
				</AttributeMapping>							
				<AttributeMapping>
					<targetAttribute>gsmlp:detailedDescription</targetAttribute>
					<ClientProperty>
						<name>xlink:href</name>
						<value>detaileddescription_href</value>
					</ClientProperty>
					<ClientProperty>
						<name>xlink:title</name>
						<value>detaileddescription</value>
					</ClientProperty>											
				</AttributeMapping>
				<AttributeMapping>
					<targetAttribute>gsmlp:geophysicalLogs</targetAttribute>
					<ClientProperty>
						<name>xlink:href</name>
						<value>geophysicallogs_href</value>
					</ClientProperty>
					<ClientProperty>
						<name>xlink:title</name>
						<value>geophysicallogs</value>
					</ClientProperty>											
				</AttributeMapping>					
				<AttributeMapping>
					<targetAttribute>gsmlp:geologicalDescription</targetAttribute>
					<ClientProperty>
						<name>xlink:href</name>
						<value>geologicaldescription_href</value>
					</ClientProperty>
					<ClientProperty>
						<name>xlink:title</name>
						<value>geologicaldescription</value>
					</ClientProperty>											
				</AttributeMapping>
				<AttributeMapping>
					<targetAttribute>gsmlp:groundWaterLevel</targetAttribute>
					<ClientProperty>
						<name>xlink:href</name>
						<value>groundwaterlevel_href</value>
					</ClientProperty>
					<ClientProperty>
						<name>xlink:title</name>
						<value>groundwaterlevel</value>
					</ClientProperty>											
				</AttributeMapping>				
				<AttributeMapping>
					<targetAttribute>gsmlp:groundWaterChemistry</targetAttribute>
					<ClientProperty>
						<name>xlink:href</name>
						<value>groundwaterchemistry_href</value>
					</ClientProperty>
					<ClientProperty>
						<name>xlink:title</name>
						<value>groundwaterchemistry</value>
					</ClientProperty>											
				</AttributeMapping>
				<AttributeMapping>
					<targetAttribute>gsmlp:rockGeochemistry</targetAttribute>
					<ClientProperty>
						<name>xlink:href</name>
						<value>rockgeochemistry_href</value>
					</ClientProperty>
					<ClientProperty>
						<name>xlink:title</name>
						<value>rockgeochemistry</value>
					</ClientProperty>											
				</AttributeMapping>
				<AttributeMapping>
					<targetAttribute>gsmlp:poreGasChemistry</targetAttribute>
					<ClientProperty>
						<name>xlink:href</name>
						<value>poregaschemistry_href</value>
					</ClientProperty>
					<ClientProperty>
						<name>xlink:title</name>
						<value>poregaschemistry</value>
					</ClientProperty>											
				</AttributeMapping>
				<AttributeMapping>
					<targetAttribute>gsmlp:geoTechnicalInfo</targetAttribute>
					<ClientProperty>
						<name>xlink:href</name>
						<value>geotechnicalinfo_href</value>
					</ClientProperty>
					<ClientProperty>
						<name>xlink:title</name>
						<value>geotechnicalinfo</value>
					</ClientProperty>											
				</AttributeMapping>
			</attributeMappings>
		</FeatureTypeMapping>			
	</typeMappings>
</as:AppSchemaDataAccess>
