{
    "@context": {
		"gsp": "http://www.opengis.net/ont/geosparql#",
		"sf": "http://www.opengis.net/ont/sf#",
		"schema": "https://schema.org/",
		"dc": "http://purl.org/dc/terms/",
		"gsmlp": "https://data.geoscience.earth/def/gsmlp#",
		"om": "http://def.seegrid.csiro.au/ontology/om/om-lite#",
		"xsd": "http://www.w3.org/2001/XMLSchema#",      	
		"name":"schema:name",
		"wkt": "gsp:asWKT",
		"description": "dc:description",
		"Feature": "gsp:Feature",
		"geometry": "sf:geometry",
		"FeatureCollection": "schema:Collection", 
		"features": {
		  "@container": "@set",
		  "@id": "schema:hasPart"
		},
		"Point": "sf:Point"
    },
  "type": "FeatureCollection",
  "features": [
    {
      "$source": "gsmlp:BoreholeView"
    },
    {
      "@id": "${@id}",
      "@type": [
        "Feature",
        "gsmlp:BoreholeView", 
        "gsmlp:Borehole","http://vocabulary.odm2.org/samplingfeaturetype/borehole"
	  ],
	  "name":"${gml:name}",
      "geometry": {
        "@type": "Point",
        "wkt": "$${strConcat('<http://www.opengis.net/def/crs/OGC/1.3/CRS84>',toWKT(xpath('gsmlp:shape')))}"
      },
      "description": "Borehole description",
		"gsmlp:purpose":{
			"@id":"${gsmlp:purpose/@xlink:href}",
			"name":"${gsmlp:purpose/@xlink:title}"
        },
        "gsmlp:status":{
			"@id":"${gsmlp:status/@xlink:href}",
			"@type": "skos:Concept",
			"name":"${gsmlp:status/@xlink:title}"
		},
		"gsmlp:drillingMethod":{
			"@id":"${gsmlp:drillingMethod/@xlink:href}",
			"@type": "skos:Concept",
			"name":"${gsmlp:drillingMethod/@xlink:title}"
		},
		"gsmlp:operator":"BRGM (PIEZOMETRIE)",
		"gsmlp:driller" : "INTRAFOR-COFOR",
		"gsmlp:drillEndDate": {
          "@value":"${gsmlp:drillEndDate}",
          "@type":"xsd:date"
        },
		"gsmlp:startPoint":{
			"@id":"${gsmlp:startPoint/@xlink:href}",
			"@type": "skos:Concept",
			"name":"${gsmlp:startPoint/@xlink:title}"
		},
		"gsmlp:inclinationType":{
			"@id":"${gsmlp:inclinationType/@xlink:href}",
			"@type": "skos:Concept",
			"name":"${gsmlp:inclinationType/@xlink:title}"
		},
		"gsmlp:boreholeMaterialCustodian": "${gsmlp:boreholeMaterialCustodian}",
		"gsmlp:boreholeLength_m":{
			"@type":"om:SimpleMeasure",
			"om:amount": "$${xpath('gsmlp:boreholeLength_m')+300}",
			"om:uom": "${gsmlp:boreholeLength_m/@uom}"
		},
		"gsmlp:elevation_m":{
			"@type":"om:SimpleMeasure",
			"om:amount": "${gsmlp:elevation_m}",
			"om:uom": "${gsmlp:elevation_m/@uom}"
		},
		"gsmlp:source":"${gsmlp:source}",
		"dct:source" : "http://www.geocatalogue.fr/Detail.do?fileIdentifier=BR_BSS_BAA",
		"gsmlp:genericSymbolizer":"${gsmlp:genericSymbolizer}",
		"gsmlp:cored": {
          "@value":"${gsmlp:cored}",
          "@type":"xsd:boolean"
        },
        "gsmlp:accessToPhysicalDrillCore" : {
          "@value":"${gsmlp:accessToPhysicalDrillCore}",
          "@type":"xsd:boolean"
        },
		"gsmlp:boreholeUse": {
			"@id":"${gsmlp:boreholeUse/@xlink:href}",
			"name":"${{gsmlp:boreholeUse/@xlink:title}"
		},
		"gsmlp:detailedDescription":{
			"@id":"${gsmlp:detailedDescription/@xlink:href}",
			"name":"${{gsmlp:detailedDescription/@xlink:title}"
		},
		"gsmlp:geophysicalLogs":{
			"@id":"${gsmlp:geophysicalLogs/@xlink:href}",
			"name":"${gsmlp:geophysicalLogs/@xlink:title}"
		},
		"gsmlp:geologicalDescription":{
			"@id":"${gsmlp:geologicalDescription/@xlink:href}",
			"name":"${gsmlp:geologicalDescription/@xlink:title}"
		},
		"gsmlp:groundWaterLevel":{
			"@id":"${gsmlp:groundWaterLevel/@xlink:href}",
			"name":"${gsmlp:groundWaterLevel/@xlink:title}"
		},
		"gsmlp:groundWaterChemistry":{
			"@id":"${gsmlp:groundWaterChemistry/@xlink:href}",
			"name":"${gsmlp:groundWaterChemistry/@xlink:title}"
		},
		"gsmlp:rockGeochemistry":{
			"@id":"${gsmlp:rockGeochemistry/@xlink:href}",
			"name":"${gsmlp:rockGeochemistry/@xlink:title}"
		},
		"gsmlp:poreGasChemistry":{
			"@id":"${gsmlp:poreGasChemistry/@xlink:href}",
			"name":"${gsmlp:poreGasChemistry/@xlink:title}"
		},
		"gsmlp:geoTechnicalInfo":{
			"@id":"${gsmlp:geoTechnicalInfo/@xlink:href}",
			"name":"${gsmlp:geoTechnicalInfo/@xlink:title}"
		}
	
	}
  ]
}
