<featureType>
  <id>FeatureTypeInfoImpl--6d73cc14:1621c749d13:-7f3f</id>
  <name>OM_Observation</name>
  <nativeName>OM_Observation</nativeName>
  <namespace>
    <id>om_namespace</id>
  </namespace>
  <title>OM_Observation</title>
  <srs>EPSG:4326</srs>
  <nativeBoundingBox>
    <minx>-1.0</minx>
    <maxx>0.0</maxx>
    <miny>-1.0</miny>
    <maxy>0.0</maxy>
  </nativeBoundingBox>
  <latLonBoundingBox>
    <minx>-1.0</minx>
    <maxx>0.0</maxx>
    <miny>-1.0</miny>
    <maxy>0.0</maxy>
    <crs>EPSG:4326</crs>
  </latLonBoundingBox>
  <projectionPolicy>FORCE_DECLARED</projectionPolicy>
  <enabled>true</enabled>
  <store class="dataStore">
    <id>DataStoreInfoImpl--34a86c00:16045735bb1:1180</id>
  </store>
  <maxFeatures>0</maxFeatures>
  <numDecimals>0</numDecimals>
  <overridingServiceSRS>false</overridingServiceSRS>
  <skipNumberMatched>false</skipNumberMatched>
  <circularArcPresent>false</circularArcPresent>
</featureType>