<featureType>
  <id>FeatureTypeInfoImpl--78d6336e:1682d49ccab:-7ff7</id>
  <name>Borehole</name>
  <nativeName>Borehole</nativeName>
  <namespace>
    <id>NamespaceInfoImpl--78d6336e:1682d49ccab:-7ffe</id>
  </namespace>
  <title>Borehole</title>
  <srs>EPSG:4326</srs>
  <nativeBoundingBox>
    <minx>-1.0</minx>
    <maxx>0.0</maxx>
    <miny>-1.0</miny>
    <maxy>0.0</maxy>
  </nativeBoundingBox>
  <latLonBoundingBox>
    <minx>-1.0</minx>
    <maxx>0.0</maxx>
    <miny>-1.0</miny>
    <maxy>0.0</maxy>
    <crs>EPSG:4326</crs>
  </latLonBoundingBox>
  <projectionPolicy>FORCE_DECLARED</projectionPolicy>
  <enabled>true</enabled>
  <store class="dataStore">
    <id>DataStoreInfoImpl--78d6336e:1682d49ccab:-7ff8</id>
  </store>
  <maxFeatures>0</maxFeatures>
  <numDecimals>0</numDecimals>
  <overridingServiceSRS>false</overridingServiceSRS>
  <skipNumberMatched>false</skipNumberMatched>
  <circularArcPresent>false</circularArcPresent>
</featureType>